dataset,model,variant,split,brier,log_loss,roc_auc,pr_auc,ece
finance,LogisticRegression,calibrated_isotonic,validation,0.20673501061448835,0.7081627260212564,0.7085542594556379,0.5803461404762111,0.05656632629062701
finance,LogisticRegression,calibrated_sigmoid,validation,0.20540964485752847,0.5995703327004388,0.7113821138211383,0.5851318982526243,0.0723740893148443
finance,LogisticRegression,uncalibrated,validation,0.22035333185192213,0.6369035736634017,0.7120007069635913,0.5910525774008438,0.13998916637140807
medical,RandomForest,calibrated_isotonic,validation,0.13516404950204922,0.42535721753783473,0.8005091834879068,0.5325931587134228,0.047937139424844614
medical,RandomForest,calibrated_sigmoid,validation,0.13683796182251193,0.4309226630711013,0.8026913984360793,0.530367296361253,0.06104321587411659
medical,RandomForest,uncalibrated,validation,0.1383420370370426,0.4269610751668847,0.7936897617748682,0.5092484308104717,0.04990741296296294
