dataset,model,variant,policy_name,threshold,accuracy,f1,roc_auc,pr_auc,expected_cost,cost_per_100
finance,LogisticRegression,uncalibrated,min_cost_recall_ge_0.60,0.3,0.5136363636363637,0.5900383141762452,0.7310003534817957,0.6714363713669398,0.5772727272727273,57.72727272727273
medical,RandomForest,calibrated_best,min_cost_recall_ge_0.60,0.2,0.6111111111111112,0.4262295081967213,0.7243135115475541,0.4491403034300506,0.6777777777777778,67.77777777777779
